image,classes
all_data/0.jpg,door_scratch
all_data/1.jpg,door_scratch
all_data/2.jpg,door_scratch
all_data/3.jpg,door_scratch
all_data/4.jpg,door_scratch
all_data/5.jpg,door_scratch
all_data/6.jpg,door_scratch
all_data/7.jpg,door_scratch
all_data/8.jpg,door_scratch
all_data/9.jpg,door_scratch
all_data/10.jpg,door_scratch
all_data/11.jpeg,door_scratch
all_data/12.jpg,door_scratch
all_data/13.jpg,door_scratch
all_data/14.jpg,door_scratch
all_data/15.jpg,door_scratch
all_data/16.jpg,door_scratch
all_data/17.jpg,door_scratch
all_data/18.jpg,door_scratch
all_data/19.jpg,door_scratch
all_data/20.jpg,door_scratch
all_data/21.webp,door_scratch
all_data/22.jpeg,door_scratch
all_data/23.jpg,door_scratch
all_data/24.jpg,door_scratch
all_data/25.jpg,door_scratch
all_data/26.jpg,door_scratch
all_data/27.jpg,door_scratch
all_data/28.jpg,door_scratch
all_data/29.jpeg,door_scratch
all_data/30.jpeg,door_scratch
all_data/31.jpeg,door_scratch
all_data/32.jpg,door_scratch
all_data/33.jpg,door_scratch
all_data/34.webp,door_scratch
all_data/35.jpg,door_scratch
all_data/36.webp,door_scratch
all_data/37.jpeg,door_scratch
all_data/38.jpg,door_scratch
all_data/39.jpeg,door_scratch
all_data/40.jpg,door_scratch
all_data/41.jpg,door_scratch
all_data/42.jpg,door_scratch
all_data/43.jpg,door_scratch
all_data/44.jpeg,door_scratch
all_data/45.jpg,door_scratch
all_data/46.jpg,door_scratch
all_data/47.jpg,door_scratch
all_data/48.jpg,door_scratch
all_data/49.jpg,door_scratch
all_data/50.jpeg,door_scratch
all_data/51.jpg,door_scratch
all_data/52.jpg,door_scratch
all_data/53.jpg,door_scratch
all_data/54.jpeg,door_scratch
all_data/55.jpg,door_scratch
all_data/56.jpg,door_scratch
all_data/57.jpeg,door_scratch
all_data/58.jpg,door_scratch
all_data/59.jpeg,door_scratch
all_data/60.jpg,door_scratch
all_data/61.jpg,door_scratch
all_data/62.jpg,door_scratch
all_data/63.jpg,door_scratch
all_data/64.jpg,door_scratch
all_data/65.jpg,door_scratch
all_data/66.jpg,door_scratch
all_data/67.jpg,door_scratch
all_data/68.jpeg,door_scratch
all_data/69.jpeg,door_scratch
all_data/70.jpg,door_scratch
all_data/71.jpg,door_scratch
all_data/72.jpg,door_scratch
all_data/73.jpg,door_scratch
all_data/74.jpg,door_scratch
all_data/75.jpeg,door_scratch
all_data/76.jpeg,door_scratch
all_data/77.jpg,door_scratch
all_data/78.jpg,door_scratch
all_data/79.jpg,door_scratch
all_data/80.jpg,door_scratch
all_data/81.jpeg,door_scratch
all_data/82.jpeg,door_scratch
all_data/83.jpeg,door_scratch
all_data/84.jpg,door_scratch
all_data/85.jpg,door_scratch
all_data/86.jpg,door_scratch
all_data/87.jpg,door_scratch
all_data/88.jpeg,door_scratch
all_data/89.jpg,door_scratch
all_data/90.jpg,door_scratch
all_data/91.jpg,door_scratch
all_data/92.jpeg,door_scratch
all_data/93.jpeg,door_scratch
all_data/94.jpeg,door_scratch
all_data/95.jpg,door_scratch
all_data/96.jpg,door_scratch
all_data/97.jpg,door_scratch
all_data/98.jpg,door_scratch
all_data/99.jpg,door_scratch
all_data/100.jpg,door_scratch
all_data/101.jpg,door_scratch
all_data/102.jpg,door_scratch
all_data/103.jpg,door_scratch
all_data/104.jpg,door_scratch
all_data/105.jpeg,door_scratch
all_data/106.jpeg,door_scratch
all_data/107.jpg,door_scratch
all_data/108.jpeg,door_scratch
all_data/109.jpg,door_scratch
all_data/110.jpg,door_scratch
all_data/111.jpg,door_scratch
all_data/112.jpg,door_scratch
all_data/113.jpg,door_scratch
all_data/114.jpg,door_scratch
all_data/115.jpg,door_scratch
all_data/116.jpg,door_scratch
all_data/117.jpg,door_scratch
all_data/118.jpg,door_scratch
all_data/119.webp,door_scratch
all_data/120.jpg,door_scratch
all_data/121.jpg,door_scratch
all_data/122.jpg,door_scratch
all_data/123.jpeg,door_scratch
all_data/124.jpeg,door_scratch
all_data/125.webp,door_scratch
all_data/126.jpg,door_scratch
all_data/127.jpg,door_scratch
all_data/128.jpeg,door_scratch
all_data/129.jpg,door_scratch
all_data/130.jpg,door_scratch
all_data/131.jpg,door_scratch
all_data/132.jpeg,door_scratch
all_data/133.jpg,door_scratch
all_data/134.jpg,door_scratch
all_data/135.jpeg,door_scratch
all_data/136.jpg,door_scratch
all_data/137.jpg,door_scratch
all_data/138.jpg,door_scratch
all_data/139.jpeg,door_scratch
all_data/140.jpg,door_scratch
all_data/141.jpg,door_scratch
all_data/142.jpg,door_scratch
all_data/143.jpeg,door_scratch
all_data/144.jpg,door_scratch
all_data/145.jpg,door_scratch
all_data/146.jpeg,door_scratch
all_data/147.jpeg,door_scratch
all_data/148.jpg,door_scratch
all_data/149.jpg,door_scratch
all_data/150.jpg,door_dent
all_data/151.jpg,door_dent
all_data/152.jpeg,door_dent
all_data/153.jpeg,door_dent
all_data/154.jpg,door_dent
all_data/155.jpeg,door_dent
all_data/156.jpg,door_dent
all_data/157.jpg,door_dent
all_data/158.jpg,door_dent
all_data/159.jpg,door_dent
all_data/160.jpg,door_dent
all_data/161.jpeg,door_dent
all_data/162.jpg,door_dent
all_data/163.jpg,door_dent
all_data/164.jpg,door_dent
all_data/165.jpg,door_dent
all_data/166.jpg,door_dent
all_data/167.jpeg,door_dent
all_data/168.jpg,door_dent
all_data/169.jpg,door_dent
all_data/170.jpg,door_dent
all_data/171.jpg,door_dent
all_data/172.jpeg,door_dent
all_data/173.jpg,door_dent
all_data/174.jpg,door_dent
all_data/175.jpg,door_dent
all_data/176.jpg,door_dent
all_data/177.jpg,door_dent
all_data/178.jpg,door_dent
all_data/179.jpeg,door_dent
all_data/180.jpg,door_dent
all_data/181.jpg,door_dent
all_data/182.jpg,door_dent
all_data/183.jpg,door_dent
all_data/184.jpg,door_dent
all_data/185.jpg,door_dent
all_data/186.jpeg,door_dent
all_data/187.jpg,door_dent
all_data/188.webp,door_dent
all_data/189.jpg,door_dent
all_data/190.jpeg,door_dent
all_data/191.jpeg,door_dent
all_data/192.jpeg,door_dent
all_data/193.jpg,door_dent
all_data/194.jpg,door_dent
all_data/195.jpg,door_dent
all_data/196.jpeg,door_dent
all_data/197.jpg,door_dent
all_data/198.jpg,door_dent
all_data/199.jpg,door_dent
all_data/200.jpg,door_dent
all_data/201.jpg,door_dent
all_data/202.jpg,door_dent
all_data/203.jpg,door_dent
all_data/204.jpeg,door_dent
all_data/205.jpg,door_dent
all_data/206.jpg,door_dent
all_data/207.jpg,door_dent
all_data/208.jpg,door_dent
all_data/209.jpg,door_dent
all_data/210.jpg,door_dent
all_data/211.jpeg,door_dent
all_data/212.jpg,door_dent
all_data/213.jpg,door_dent
all_data/214.jpg,door_dent
all_data/215.jpg,door_dent
all_data/216.jpeg,door_dent
all_data/217.jpg,door_dent
all_data/218.jpg,door_dent
all_data/219.jpg,door_dent
all_data/220.jpg,door_dent
all_data/221.jpg,door_dent
all_data/222.jpg,door_dent
all_data/223.jpeg,door_dent
all_data/224.jpg,door_dent
all_data/225.jpg,door_dent
all_data/226.jpg,door_dent
all_data/227.jpg,door_dent
all_data/228.jpg,door_dent
all_data/229.jpg,door_dent
all_data/230.jpg,door_dent
all_data/231.jpg,door_dent
all_data/232.jpg,door_dent
all_data/233.jpeg,door_dent
all_data/234.jpeg,door_dent
all_data/235.jpg,door_dent
all_data/236.jpg,door_dent
all_data/237.jpg,door_dent
all_data/238.jpeg,door_dent
all_data/239.jpeg,door_dent
all_data/240.jpg,door_dent
all_data/241.jpg,door_dent
all_data/242.jpg,door_dent
all_data/243.jpeg,door_dent
all_data/244.jpg,door_dent
all_data/245.jpg,door_dent
all_data/246.webp,door_dent
all_data/247.jpg,door_dent
all_data/248.jpg,door_dent
all_data/249.jpg,door_dent
all_data/250.jpg,door_dent
all_data/251.jpeg,door_dent
all_data/252.jpeg,door_dent
all_data/253.jpg,door_dent
all_data/254.jpg,door_dent
all_data/255.webp,door_dent
all_data/256.jpg,door_dent
all_data/257.jpg,door_dent
all_data/258.jpg,door_dent
all_data/259.jpeg,door_dent
all_data/260.webp,door_dent
all_data/261.jpg,door_dent
all_data/262.jpg,door_dent
all_data/263.jpg,door_dent
all_data/264.jpeg,door_dent
all_data/265.jpg,door_dent
all_data/266.jpg,door_dent
all_data/267.jpg,door_dent
all_data/268.jpg,door_dent
all_data/269.jpg,door_dent
all_data/270.jpg,door_dent
all_data/271.jpeg,door_dent
all_data/272.jpg,door_dent
all_data/273.jpg,door_dent
all_data/274.jpg,door_dent
all_data/275.jpg,door_dent
all_data/276.jpg,door_dent
all_data/277.jpg,door_dent
all_data/278.jpg,door_dent
all_data/279.jpg,door_dent
all_data/280.jpg,door_dent
all_data/281.jpg,door_dent
all_data/282.jpeg,door_dent
all_data/283.jpg,door_dent
all_data/284.jpg,door_dent
all_data/285.jpg,door_dent
all_data/286.jpg,door_dent
all_data/287.jpg,door_dent
all_data/288.jpg,door_dent
all_data/289.jpg,door_dent
all_data/290.jpg,door_dent
all_data/291.jpeg,door_dent
all_data/292.jpeg,door_dent
all_data/293.jpg,door_dent
all_data/294.jpg,door_dent
all_data/295.jpg,door_dent
all_data/296.jpg,door_dent
all_data/297.webp,door_dent
all_data/298.jpg,door_dent
all_data/299.jpeg,door_dent
all_data/300.jpg,door_dent
all_data/301.jpg,glass_shatter
all_data/302.jpg,glass_shatter
all_data/303.jpg,glass_shatter
all_data/304.jpg,glass_shatter
all_data/305.jpg,glass_shatter
all_data/306.jpeg,glass_shatter
all_data/307.jpg,glass_shatter
all_data/308.jpeg,glass_shatter
all_data/309.jpg,glass_shatter
all_data/310.jpg,glass_shatter
all_data/311.webp,glass_shatter
all_data/312.jpg,glass_shatter
all_data/313.jpg,glass_shatter
all_data/314.webp,glass_shatter
all_data/315.jpeg,glass_shatter
all_data/316.jpg,glass_shatter
all_data/317.jpg,glass_shatter
all_data/318.jpeg,glass_shatter
all_data/319.jpg,glass_shatter
all_data/320.jpg,glass_shatter
all_data/321.jpg,glass_shatter
all_data/322.jpg,glass_shatter
all_data/323.jpg,glass_shatter
all_data/324.jpg,glass_shatter
all_data/325.jpeg,glass_shatter
all_data/326.jpg,glass_shatter
all_data/327.jpeg,glass_shatter
all_data/328.jpeg,glass_shatter
all_data/329.jpg,glass_shatter
all_data/330.jpg,glass_shatter
all_data/331.jpeg,glass_shatter
all_data/332.jpeg,glass_shatter
all_data/333.jpg,glass_shatter
all_data/334.jpg,glass_shatter
all_data/335.jpeg,glass_shatter
all_data/336.jpg,glass_shatter
all_data/337.jpg,glass_shatter
all_data/338.jpg,glass_shatter
all_data/339.jpg,glass_shatter
all_data/340.jpg,glass_shatter
all_data/341.jpg,glass_shatter
all_data/342.jpeg,glass_shatter
all_data/343.jpg,glass_shatter
all_data/344.jpg,glass_shatter
all_data/345.jpg,glass_shatter
all_data/346.jpeg,glass_shatter
all_data/347.jpg,glass_shatter
all_data/348.jpg,glass_shatter
all_data/349.jpeg,glass_shatter
all_data/350.jpg,glass_shatter
all_data/351.jpeg,glass_shatter
all_data/352.jpg,glass_shatter
all_data/353.jpg,glass_shatter
all_data/354.jpg,glass_shatter
all_data/355.jpg,glass_shatter
all_data/356.jpg,glass_shatter
all_data/357.jpg,glass_shatter
all_data/358.jpg,glass_shatter
all_data/359.jpg,glass_shatter
all_data/360.jpg,glass_shatter
all_data/361.jpeg,glass_shatter
all_data/362.jpg,glass_shatter
all_data/363.jpg,glass_shatter
all_data/364.jpg,glass_shatter
all_data/365.jpg,glass_shatter
all_data/366.jpg,glass_shatter
all_data/367.jpg,glass_shatter
all_data/368.jpeg,glass_shatter
all_data/369.jpeg,glass_shatter
all_data/370.jpg,glass_shatter
all_data/371.jpg,glass_shatter
all_data/372.jpg,glass_shatter
all_data/373.jpg,glass_shatter
all_data/374.jpg,glass_shatter
all_data/375.jpg,glass_shatter
all_data/376.jpg,glass_shatter
all_data/377.jpg,glass_shatter
all_data/378.jpg,glass_shatter
all_data/379.jpg,glass_shatter
all_data/380.jpg,glass_shatter
all_data/381.jpg,glass_shatter
all_data/382.jpg,glass_shatter
all_data/383.jpg,glass_shatter
all_data/384.jpg,glass_shatter
all_data/385.jpg,glass_shatter
all_data/386.jpg,glass_shatter
all_data/387.jpg,glass_shatter
all_data/388.jpg,glass_shatter
all_data/389.jpg,glass_shatter
all_data/390.jpeg,glass_shatter
all_data/391.jpg,glass_shatter
all_data/392.jpg,glass_shatter
all_data/393.jpeg,glass_shatter
all_data/394.jpg,glass_shatter
all_data/395.jpg,glass_shatter
all_data/396.jpeg,glass_shatter
all_data/397.jpg,glass_shatter
all_data/398.jpg,glass_shatter
all_data/399.jpg,glass_shatter
all_data/400.jpg,glass_shatter
all_data/401.jpg,glass_shatter
all_data/402.jpg,glass_shatter
all_data/403.jpg,glass_shatter
all_data/404.jpg,glass_shatter
all_data/405.jpeg,glass_shatter
all_data/406.jpeg,glass_shatter
all_data/407.webp,glass_shatter
all_data/408.webp,glass_shatter
all_data/409.jpg,glass_shatter
all_data/410.jpg,glass_shatter
all_data/411.jpeg,glass_shatter
all_data/412.jpg,glass_shatter
all_data/413.jpg,glass_shatter
all_data/414.jpg,glass_shatter
all_data/415.jpeg,glass_shatter
all_data/416.jpg,glass_shatter
all_data/417.jpg,glass_shatter
all_data/418.jpg,glass_shatter
all_data/419.jpeg,glass_shatter
all_data/420.jpeg,glass_shatter
all_data/421.jpg,glass_shatter
all_data/422.jpg,glass_shatter
all_data/423.jpeg,glass_shatter
all_data/424.jpeg,glass_shatter
all_data/425.jpg,glass_shatter
all_data/426.jpg,glass_shatter
all_data/427.jpg,glass_shatter
all_data/428.jpg,glass_shatter
all_data/429.jpg,glass_shatter
all_data/430.jpg,glass_shatter
all_data/431.jpg,glass_shatter
all_data/432.jpg,glass_shatter
all_data/433.jpg,glass_shatter
all_data/434.jpeg,glass_shatter
all_data/435.jpg,glass_shatter
all_data/436.jpg,glass_shatter
all_data/437.jpg,glass_shatter
all_data/438.jpg,glass_shatter
all_data/439.jpg,glass_shatter
all_data/440.jpg,bumper_scratch
all_data/441.jpg,bumper_scratch
all_data/442.jpg,bumper_scratch
all_data/443.jpg,bumper_scratch
all_data/444.jpeg,bumper_scratch
all_data/445.jpg,bumper_scratch
all_data/446.jpg,bumper_scratch
all_data/447.jpg,bumper_scratch
all_data/448.jpeg,bumper_scratch
all_data/449.jpg,bumper_scratch
all_data/450.jpeg,bumper_scratch
all_data/451.jpg,bumper_scratch
all_data/452.jpg,bumper_scratch
all_data/453.jpeg,bumper_scratch
all_data/454.webp,bumper_scratch
all_data/455.jpg,bumper_scratch
all_data/456.jpg,bumper_scratch
all_data/457.jpg,bumper_scratch
all_data/458.jpg,bumper_scratch
all_data/459.jpg,bumper_scratch
all_data/460.jpg,bumper_scratch
all_data/461.jpg,bumper_scratch
all_data/462.jpeg,bumper_scratch
all_data/463.jpg,bumper_scratch
all_data/464.jpg,bumper_scratch
all_data/465.jpg,bumper_scratch
all_data/466.jpg,bumper_scratch
all_data/467.webp,bumper_scratch
all_data/468.jpg,bumper_scratch
all_data/469.jpg,bumper_scratch
all_data/470.jpeg,bumper_scratch
all_data/471.jpg,bumper_scratch
all_data/472.jpg,bumper_scratch
all_data/473.jpg,bumper_scratch
all_data/474.webp,bumper_scratch
all_data/475.jpg,bumper_scratch
all_data/476.jpeg,bumper_scratch
all_data/477.jpg,bumper_scratch
all_data/478.jpeg,bumper_scratch
all_data/479.jpg,bumper_scratch
all_data/480.jpg,bumper_scratch
all_data/481.jpeg,bumper_scratch
all_data/482.jpeg,bumper_scratch
all_data/483.jpg,bumper_scratch
all_data/484.jpg,bumper_scratch
all_data/485.jpeg,bumper_scratch
all_data/486.jpg,bumper_scratch
all_data/487.jpg,bumper_scratch
all_data/488.jpg,bumper_scratch
all_data/489.jpg,bumper_scratch
all_data/490.jpg,bumper_scratch
all_data/491.jpg,bumper_scratch
all_data/492.jpeg,bumper_scratch
all_data/493.jpg,bumper_scratch
all_data/494.jpg,bumper_scratch
all_data/495.jpg,bumper_scratch
all_data/496.jpg,bumper_scratch
all_data/497.jpg,bumper_scratch
all_data/498.jpg,bumper_scratch
all_data/499.jpeg,bumper_scratch
all_data/500.jpg,bumper_scratch
all_data/501.jpeg,bumper_scratch
all_data/502.jpg,bumper_scratch
all_data/503.jpg,bumper_scratch
all_data/504.jpg,bumper_scratch
all_data/505.jpg,bumper_scratch
all_data/506.jpg,bumper_scratch
all_data/507.jpg,bumper_scratch
all_data/508.jpg,bumper_scratch
all_data/509.jpeg,bumper_scratch
all_data/510.webp,bumper_scratch
all_data/511.jpg,bumper_scratch
all_data/512.jpg,bumper_scratch
all_data/513.jpg,bumper_scratch
all_data/514.jpeg,bumper_scratch
all_data/515.jpg,bumper_scratch
all_data/516.jpeg,bumper_scratch
all_data/517.jpg,bumper_scratch
all_data/518.jpg,bumper_scratch
all_data/519.jpg,bumper_scratch
all_data/520.jpg,bumper_scratch
all_data/521.webp,bumper_scratch
all_data/522.webp,bumper_scratch
all_data/523.jpeg,bumper_scratch
all_data/524.jpg,bumper_scratch
all_data/525.jpg,bumper_scratch
all_data/526.jpeg,bumper_scratch
all_data/527.jpg,bumper_scratch
all_data/528.jpg,bumper_scratch
all_data/529.jpg,bumper_scratch
all_data/530.jpg,bumper_scratch
all_data/531.jpg,bumper_scratch
all_data/532.jpg,bumper_scratch
all_data/533.jpg,bumper_scratch
all_data/534.jpg,bumper_scratch
all_data/535.jpg,bumper_scratch
all_data/536.jpg,bumper_scratch
all_data/537.jpg,bumper_scratch
all_data/538.jpg,bumper_scratch
all_data/539.webp,bumper_scratch
all_data/540.jpg,bumper_scratch
all_data/541.jpeg,bumper_scratch
all_data/542.jpg,bumper_scratch
all_data/543.jpg,bumper_scratch
all_data/544.jpg,bumper_scratch
all_data/545.jpg,bumper_scratch
all_data/546.jpg,bumper_scratch
all_data/547.jpg,bumper_scratch
all_data/548.jpg,bumper_scratch
all_data/549.jpg,bumper_scratch
all_data/550.jpg,bumper_scratch
all_data/551.jpg,bumper_scratch
all_data/552.jpg,bumper_scratch
all_data/553.jpg,bumper_scratch
all_data/554.jpg,bumper_scratch
all_data/555.jpg,bumper_scratch
all_data/556.webp,bumper_scratch
all_data/557.jpg,bumper_scratch
all_data/558.jpg,bumper_scratch
all_data/559.jpg,bumper_scratch
all_data/560.jpg,bumper_scratch
all_data/561.jpg,bumper_scratch
all_data/562.jpg,bumper_scratch
all_data/563.jpg,bumper_scratch
all_data/564.png,bumper_scratch
all_data/565.jpg,bumper_scratch
all_data/566.jpg,bumper_scratch
all_data/567.jpeg,bumper_scratch
all_data/568.jpg,bumper_scratch
all_data/569.jpg,bumper_scratch
all_data/570.jpg,bumper_scratch
all_data/571.jpg,bumper_scratch
all_data/572.jpg,bumper_scratch
all_data/573.jpg,bumper_scratch
all_data/574.jpg,bumper_scratch
all_data/575.jpg,bumper_scratch
all_data/576.jpg,bumper_scratch
all_data/577.jpg,bumper_scratch
all_data/578.jpg,bumper_scratch
all_data/579.jpg,bumper_scratch
all_data/580.jpg,bumper_scratch
all_data/581.jpg,bumper_scratch
all_data/582.jpeg,bumper_scratch
all_data/583.jpg,bumper_scratch
all_data/584.jpg,bumper_scratch
all_data/585.jpeg,bumper_dent
all_data/586.jpg,bumper_dent
all_data/587.jpg,bumper_dent
all_data/588.jpg,bumper_dent
all_data/589.jpeg,bumper_dent
all_data/590.jpg,bumper_dent
all_data/591.jpg,bumper_dent
all_data/592.jpg,bumper_dent
all_data/593.jpg,bumper_dent
all_data/594.jpeg,bumper_dent
all_data/595.jpg,bumper_dent
all_data/596.jpg,bumper_dent
all_data/597.jpg,bumper_dent
all_data/598.jpg,bumper_dent
all_data/599.jpg,bumper_dent
all_data/600.jpg,bumper_dent
all_data/601.jpg,bumper_dent
all_data/602.jpg,bumper_dent
all_data/603.jpg,bumper_dent
all_data/604.jpg,bumper_dent
all_data/605.png,bumper_dent
all_data/606.jpeg,bumper_dent
all_data/607.jpeg,bumper_dent
all_data/608.jpg,bumper_dent
all_data/609.jpg,bumper_dent
all_data/610.jpg,bumper_dent
all_data/611.jpg,bumper_dent
all_data/612.jpg,bumper_dent
all_data/613.jpg,bumper_dent
all_data/614.jpeg,bumper_dent
all_data/615.jpg,bumper_dent
all_data/616.jpg,bumper_dent
all_data/617.jpg,bumper_dent
all_data/618.jpg,bumper_dent
all_data/619.jpg,bumper_dent
all_data/620.jpg,bumper_dent
all_data/621.jpg,bumper_dent
all_data/622.jpg,bumper_dent
all_data/623.webp,bumper_dent
all_data/624.jpg,bumper_dent
all_data/625.jpeg,bumper_dent
all_data/626.jpeg,bumper_dent
all_data/627.jpg,bumper_dent
all_data/628.jpg,bumper_dent
all_data/629.jpeg,bumper_dent
all_data/630.jpg,bumper_dent
all_data/631.jpeg,bumper_dent
all_data/632.jpg,bumper_dent
all_data/633.jpeg,bumper_dent
all_data/634.webp,bumper_dent
all_data/635.jpg,bumper_dent
all_data/636.jpg,bumper_dent
all_data/637.jpg,bumper_dent
all_data/638.jpg,bumper_dent
all_data/639.jpg,bumper_dent
all_data/640.jpeg,bumper_dent
all_data/641.jpg,bumper_dent
all_data/642.jpg,bumper_dent
all_data/643.webp,bumper_dent
all_data/644.jpeg,bumper_dent
all_data/645.jpg,bumper_dent
all_data/646.jpg,bumper_dent
all_data/647.jpg,bumper_dent
all_data/648.jpg,bumper_dent
all_data/649.jpg,bumper_dent
all_data/650.jpg,bumper_dent
all_data/651.jpg,bumper_dent
all_data/652.webp,bumper_dent
all_data/653.jpg,bumper_dent
all_data/654.jpg,bumper_dent
all_data/655.webp,bumper_dent
all_data/656.jpg,bumper_dent
all_data/657.jpg,bumper_dent
all_data/658.jpeg,bumper_dent
all_data/659.jpg,bumper_dent
all_data/660.jpg,bumper_dent
all_data/661.jpg,bumper_dent
all_data/662.jpeg,bumper_dent
all_data/663.jpg,bumper_dent
all_data/664.jpg,bumper_dent
all_data/665.jpeg,bumper_dent
all_data/666.jpg,bumper_dent
all_data/667.jpg,bumper_dent
all_data/668.jpeg,bumper_dent
all_data/669.jpeg,bumper_dent
all_data/670.jpg,bumper_dent
all_data/671.jpg,bumper_dent
all_data/672.jpg,bumper_dent
all_data/673.jpg,bumper_dent
all_data/674.jpeg,bumper_dent
all_data/675.jpg,bumper_dent
all_data/676.jpeg,bumper_dent
all_data/677.jpg,bumper_dent
all_data/678.jpg,bumper_dent
all_data/679.jpg,bumper_dent
all_data/680.jpg,bumper_dent
all_data/681.jpg,bumper_dent
all_data/682.jpeg,bumper_dent
all_data/683.jpg,bumper_dent
all_data/684.jpg,bumper_dent
all_data/685.jpg,bumper_dent
all_data/686.jpg,bumper_dent
all_data/687.jpg,bumper_dent
all_data/688.jpg,bumper_dent
all_data/689.jpeg,bumper_dent
all_data/690.jpg,bumper_dent
all_data/691.jpg,bumper_dent
all_data/692.jpg,bumper_dent
all_data/693.jpg,bumper_dent
all_data/694.jpg,tail_lamp
all_data/695.jpeg,tail_lamp
all_data/696.jpg,tail_lamp
all_data/697.jpg,tail_lamp
all_data/698.webp,tail_lamp
all_data/699.jpg,tail_lamp
all_data/700.jpg,tail_lamp
all_data/701.jpeg,tail_lamp
all_data/702.jpeg,tail_lamp
all_data/703.jpg,tail_lamp
all_data/704.jpg,tail_lamp
all_data/705.jpg,tail_lamp
all_data/706.jpeg,tail_lamp
all_data/707.jpg,tail_lamp
all_data/708.jpg,tail_lamp
all_data/709.jpg,tail_lamp
all_data/710.jpg,tail_lamp
all_data/711.jpg,tail_lamp
all_data/712.jpg,tail_lamp
all_data/713.jpeg,tail_lamp
all_data/714.webp,tail_lamp
all_data/715.jpg,tail_lamp
all_data/716.jpg,tail_lamp
all_data/717.jpeg,tail_lamp
all_data/718.jpg,tail_lamp
all_data/719.jpg,tail_lamp
all_data/720.jpg,tail_lamp
all_data/721.webp,tail_lamp
all_data/722.jpg,tail_lamp
all_data/723.jpg,tail_lamp
all_data/724.jpg,tail_lamp
all_data/725.jpg,tail_lamp
all_data/726.jpg,tail_lamp
all_data/727.jpg,tail_lamp
all_data/728.jpg,tail_lamp
all_data/729.jpg,tail_lamp
all_data/730.jpg,tail_lamp
all_data/731.jpg,tail_lamp
all_data/732.jpg,tail_lamp
all_data/733.jpg,tail_lamp
all_data/734.jpg,tail_lamp
all_data/735.jpg,tail_lamp
all_data/736.jpg,tail_lamp
all_data/737.jpg,tail_lamp
all_data/738.jpg,tail_lamp
all_data/739.jpg,tail_lamp
all_data/740.jpg,tail_lamp
all_data/741.jpg,tail_lamp
all_data/742.jpg,tail_lamp
all_data/743.jpg,tail_lamp
all_data/744.jpg,tail_lamp
all_data/745.jpg,tail_lamp
all_data/746.jpg,tail_lamp
all_data/747.jpg,tail_lamp
all_data/748.jpg,tail_lamp
all_data/749.jpg,tail_lamp
all_data/750.jpg,tail_lamp
all_data/751.jpeg,tail_lamp
all_data/752.jpg,tail_lamp
all_data/753.jpeg,tail_lamp
all_data/754.jpg,tail_lamp
all_data/755.jpg,tail_lamp
all_data/756.jpg,tail_lamp
all_data/757.jpg,tail_lamp
all_data/758.jpg,tail_lamp
all_data/759.jpg,tail_lamp
all_data/760.jpg,tail_lamp
all_data/761.jpg,tail_lamp
all_data/762.jpg,tail_lamp
all_data/763.jpeg,tail_lamp
all_data/764.jpg,tail_lamp
all_data/765.webp,tail_lamp
all_data/766.jpg,tail_lamp
all_data/767.jpg,tail_lamp
all_data/768.jpg,tail_lamp
all_data/769.jpg,tail_lamp
all_data/770.jpg,tail_lamp
all_data/771.jpg,tail_lamp
all_data/772.jpeg,tail_lamp
all_data/773.jpg,tail_lamp
all_data/774.jpg,tail_lamp
all_data/775.jpeg,tail_lamp
all_data/776.jpeg,tail_lamp
all_data/777.jpg,tail_lamp
all_data/778.webp,tail_lamp
all_data/779.jpg,tail_lamp
all_data/780.jpg,tail_lamp
all_data/781.jpg,tail_lamp
all_data/782.jpeg,tail_lamp
all_data/783.jpg,tail_lamp
all_data/784.jpg,tail_lamp
all_data/785.jpeg,tail_lamp
all_data/786.jpg,tail_lamp
all_data/787.jpg,tail_lamp
all_data/788.jpeg,tail_lamp
all_data/789.jpeg,tail_lamp
all_data/790.jpg,tail_lamp
all_data/791.jpg,tail_lamp
all_data/792.jpg,tail_lamp
all_data/793.jpeg,tail_lamp
all_data/794.jpeg,tail_lamp
all_data/795.jpg,tail_lamp
all_data/796.jpg,tail_lamp
all_data/797.jpg,head_lamp
all_data/798.jpg,head_lamp
all_data/799.jpg,head_lamp
all_data/800.jpg,head_lamp
all_data/801.jpg,head_lamp
all_data/802.jpg,head_lamp
all_data/803.jpg,head_lamp
all_data/804.jpg,head_lamp
all_data/805.jpg,head_lamp
all_data/806.jpg,head_lamp
all_data/807.jpg,head_lamp
all_data/808.jpeg,head_lamp
all_data/809.jpg,head_lamp
all_data/810.jpg,head_lamp
all_data/811.jpg,head_lamp
all_data/812.jpg,head_lamp
all_data/813.jpg,head_lamp
all_data/814.webp,head_lamp
all_data/815.jpg,head_lamp
all_data/816.jpg,head_lamp
all_data/817.jpg,head_lamp
all_data/818.jpg,head_lamp
all_data/819.jpeg,head_lamp
all_data/820.jpg,head_lamp
all_data/821.jpg,head_lamp
all_data/822.jpg,head_lamp
all_data/823.jpg,head_lamp
all_data/824.jpg,head_lamp
all_data/825.webp,head_lamp
all_data/826.jpg,head_lamp
all_data/827.jpg,head_lamp
all_data/828.jpg,head_lamp
all_data/829.jpeg,head_lamp
all_data/830.jpeg,head_lamp
all_data/831.jpg,head_lamp
all_data/832.jpg,head_lamp
all_data/833.jpg,head_lamp
all_data/834.jpg,head_lamp
all_data/835.jpg,head_lamp
all_data/836.jpeg,head_lamp
all_data/837.jpg,head_lamp
all_data/838.jpeg,head_lamp
all_data/839.jpg,head_lamp
all_data/840.jpg,head_lamp
all_data/841.jpg,head_lamp
all_data/842.jpg,head_lamp
all_data/843.jpeg,head_lamp
all_data/844.jpg,head_lamp
all_data/845.jpg,head_lamp
all_data/846.jpeg,head_lamp
all_data/847.jpg,head_lamp
all_data/848.jpeg,head_lamp
all_data/849.jpg,head_lamp
all_data/850.jpg,head_lamp
all_data/851.jpg,head_lamp
all_data/852.jpg,head_lamp
all_data/853.jpg,head_lamp
all_data/854.jpg,head_lamp
all_data/855.jpg,head_lamp
all_data/856.jpg,head_lamp
all_data/857.jpeg,head_lamp
all_data/858.jpg,head_lamp
all_data/859.jpg,head_lamp
all_data/860.jpg,head_lamp
all_data/861.webp,head_lamp
all_data/862.jpg,head_lamp
all_data/863.jpg,head_lamp
all_data/864.jpg,head_lamp
all_data/865.jpeg,head_lamp
all_data/866.jpg,head_lamp
all_data/867.jpg,head_lamp
all_data/868.jpg,head_lamp
all_data/869.jpg,head_lamp
all_data/870.jpg,head_lamp
all_data/871.jpg,head_lamp
all_data/872.jpg,head_lamp
all_data/873.jpg,head_lamp
all_data/874.jpg,head_lamp
all_data/875.jpg,head_lamp
all_data/876.jpg,head_lamp
all_data/877.jpg,head_lamp
all_data/878.jpg,head_lamp
all_data/879.jpg,head_lamp
all_data/880.jpg,head_lamp
all_data/881.jpg,head_lamp
all_data/882.jpg,head_lamp
all_data/883.jpg,head_lamp
all_data/884.jpg,head_lamp
all_data/885.jpg,head_lamp
all_data/886.jpg,head_lamp
all_data/887.jpg,head_lamp
all_data/888.jpg,head_lamp
all_data/889.jpg,head_lamp
all_data/890.jpg,head_lamp
all_data/891.jpg,head_lamp
all_data/892.jpg,head_lamp
all_data/893.jpg,head_lamp
all_data/894.jpg,head_lamp
all_data/895.jpg,head_lamp
all_data/896.jpeg,head_lamp
all_data/897.jpg,head_lamp
all_data/898.jpg,head_lamp
all_data/899.jpg,head_lamp
all_data/900.jpg,head_lamp
all_data/901.jpg,head_lamp
all_data/902.jpg,head_lamp
all_data/903.webp,head_lamp
all_data/904.jpg,head_lamp
all_data/905.jpg,head_lamp
all_data/906.jpg,head_lamp
all_data/907.jpeg,head_lamp
all_data/908.jpg,head_lamp
all_data/909.jpeg,head_lamp
all_data/910.jpg,head_lamp
all_data/911.jpg,head_lamp
all_data/912.jpg,head_lamp
all_data/913.webp,head_lamp
all_data/914.jpg,head_lamp
all_data/915.jpeg,head_lamp
all_data/916.jpg,head_lamp
all_data/917.jpg,head_lamp
all_data/918.jpg,head_lamp
all_data/919.jpg,head_lamp
all_data/920.jpg,head_lamp
all_data/921.webp,head_lamp
all_data/922.jpeg,head_lamp
all_data/923.jpeg,head_lamp
all_data/924.jpeg,head_lamp
all_data/925.jpg,head_lamp
all_data/926.jpg,head_lamp
all_data/927.jpg,head_lamp
all_data/928.jpg,head_lamp
all_data/929.jpg,head_lamp
all_data/930.jpg,head_lamp
all_data/931.jpg,head_lamp
all_data/932.jpg,head_lamp
all_data/933.jpg,head_lamp
all_data/934.jpg,head_lamp
all_data/935.jpeg,head_lamp
all_data/936.jpg,head_lamp
all_data/937.jpg,head_lamp
all_data/938.jpg,head_lamp
all_data/939.jpg,head_lamp
all_data/940.jpeg,head_lamp
all_data/941.jpeg,head_lamp
all_data/942.jpeg,door_scratch
all_data/943.jpeg,head_lamp
all_data/944.jpeg,glass_shatter
all_data/945.jpeg,tail_lamp
all_data/946.jpeg,bumper_dent
all_data/947.jpeg,door_scratch
all_data/948.jpeg,bumper_dent
all_data/949.jpeg,door_dent
all_data/950.jpeg,door_dent
all_data/951.jpeg,glass_shatter
all_data/952.jpeg,head_lamp
all_data/953.jpeg,bumper_dent
all_data/954.jpeg,glass_shatter
all_data/955.jpeg,door_dent
all_data/956.jpeg,head_lamp
all_data/957.jpeg,door_dent
all_data/958.jpeg,tail_lamp
all_data/959.jpeg,door_dent
all_data/960.jpeg,glass_shatter
all_data/961.jpeg,bumper_scratch
all_data/962.jpeg,door_scratch
all_data/963.jpeg,tail_lamp
all_data/964.jpeg,door_scratch
all_data/965.jpeg,tail_lamp
all_data/966.jpeg,head_lamp
all_data/967.jpeg,door_dent
all_data/968.jpeg,bumper_dent
all_data/969.jpeg,door_scratch
all_data/970.jpeg,door_scratch
all_data/971.jpeg,door_dent
all_data/972.jpeg,bumper_dent
all_data/973.jpeg,glass_shatter
all_data/974.jpeg,bumper_dent
all_data/975.jpeg,door_dent
all_data/976.jpeg,door_scratch
all_data/977.jpeg,tail_lamp
all_data/978.jpeg,door_dent
all_data/979.jpeg,bumper_scratch
all_data/980.jpeg,door_dent
all_data/981.jpeg,door_dent
all_data/982.jpeg,door_scratch
all_data/983.jpeg,tail_lamp
all_data/984.jpeg,tail_lamp
all_data/985.jpeg,glass_shatter
all_data/986.jpeg,glass_shatter
all_data/987.jpeg,glass_shatter
all_data/988.jpeg,door_dent
all_data/989.jpeg,head_lamp
all_data/990.jpeg,glass_shatter
all_data/991.jpeg,door_dent
all_data/992.jpeg,bumper_dent
all_data/993.jpeg,glass_shatter
all_data/994.jpeg,bumper_dent
all_data/995.jpeg,bumper_dent
all_data/996.jpeg,door_dent
all_data/997.jpeg,door_scratch
all_data/998.jpeg,bumper_scratch
all_data/999.jpeg,bumper_dent
all_data/1000.jpeg,door_dent
all_data/1001.jpeg,tail_lamp
all_data/1002.jpeg,head_lamp
all_data/1003.jpeg,door_scratch
all_data/1004.jpeg,door_dent
all_data/1005.jpeg,bumper_scratch
all_data/1006.jpeg,bumper_dent
all_data/1007.jpeg,door_scratch
all_data/1008.jpeg,door_scratch
all_data/1009.jpeg,glass_shatter
all_data/1010.jpeg,glass_shatter
all_data/1011.jpeg,bumper_dent
all_data/1012.jpeg,bumper_dent
all_data/1013.jpeg,door_scratch
all_data/1014.jpeg,door_scratch
all_data/1015.jpeg,head_lamp
all_data/1016.jpeg,tail_lamp
all_data/1017.jpeg,door_dent
all_data/1018.jpeg,door_scratch
all_data/1019.jpeg,door_scratch
all_data/1020.jpeg,tail_lamp
all_data/1021.jpeg,bumper_dent
all_data/1022.jpeg,door_scratch
all_data/1023.jpeg,door_dent
all_data/1024.jpeg,bumper_scratch
all_data/1025.jpeg,door_scratch
all_data/1026.jpeg,bumper_scratch
all_data/1027.jpeg,glass_shatter
all_data/1028.jpeg,head_lamp
all_data/1029.jpeg,head_lamp
all_data/1030.jpeg,door_dent
all_data/1031.jpeg,door_scratch
all_data/1032.jpeg,door_scratch
all_data/1033.jpeg,tail_lamp
all_data/1034.jpeg,head_lamp
all_data/1035.jpeg,door_dent
all_data/1036.jpeg,glass_shatter
all_data/1037.jpeg,bumper_dent
all_data/1038.jpeg,glass_shatter
all_data/1039.jpeg,door_dent
all_data/1040.jpeg,bumper_dent
all_data/1041.jpeg,tail_lamp
all_data/1042.jpeg,head_lamp
all_data/1043.jpeg,bumper_dent
all_data/1044.jpeg,glass_shatter
all_data/1045.jpeg,door_dent
all_data/1046.jpeg,door_scratch
all_data/1047.jpeg,tail_lamp
all_data/1048.jpeg,bumper_scratch
all_data/1049.jpeg,door_scratch
all_data/1050.jpeg,door_scratch
all_data/1051.jpeg,bumper_scratch
all_data/1052.jpeg,glass_shatter
all_data/1053.jpeg,tail_lamp
all_data/1054.jpeg,door_scratch
all_data/1055.jpeg,bumper_dent
all_data/1056.jpeg,tail_lamp
all_data/1057.jpeg,glass_shatter
all_data/1058.jpeg,head_lamp
all_data/1059.jpeg,glass_shatter
all_data/1060.jpeg,door_scratch
all_data/1061.jpeg,tail_lamp
all_data/1062.jpeg,door_dent
all_data/1063.jpeg,door_dent
all_data/1064.jpeg,door_dent
all_data/1065.jpeg,glass_shatter
all_data/1066.jpeg,glass_shatter
all_data/1067.jpeg,door_scratch
all_data/1068.jpeg,door_dent
all_data/1069.jpeg,door_dent
all_data/1070.jpeg,tail_lamp
all_data/1071.jpeg,door_dent
all_data/1072.jpeg,door_dent
all_data/1073.jpeg,head_lamp
all_data/1074.jpeg,bumper_scratch
all_data/1075.jpeg,tail_lamp
all_data/1076.jpeg,bumper_dent
all_data/1077.jpeg,glass_shatter
all_data/1078.jpeg,head_lamp
all_data/1079.jpeg,door_dent
all_data/1080.jpeg,bumper_dent
all_data/1081.jpeg,door_dent
all_data/1082.jpeg,door_scratch
all_data/1083.jpeg,door_scratch
all_data/1084.jpeg,glass_shatter
all_data/1085.jpeg,head_lamp
all_data/1086.jpeg,bumper_dent
all_data/1087.jpeg,bumper_scratch
all_data/1088.jpeg,glass_shatter
all_data/1089.jpeg,bumper_scratch
all_data/1090.jpeg,door_dent
all_data/1091.jpeg,bumper_dent
all_data/1092.jpeg,door_scratch
all_data/1093.jpeg,tail_lamp
all_data/1094.jpeg,glass_shatter
all_data/1095.jpeg,door_dent
all_data/1096.jpeg,bumper_scratch
all_data/1097.jpeg,glass_shatter
all_data/1098.jpeg,tail_lamp
all_data/1099.jpeg,bumper_dent
all_data/1100.jpeg,tail_lamp
all_data/1101.jpeg,glass_shatter
all_data/1102.jpeg,glass_shatter
all_data/1103.jpeg,door_dent
all_data/1104.jpeg,bumper_scratch
all_data/1105.jpeg,door_dent
all_data/1106.jpeg,bumper_scratch
all_data/1107.jpeg,head_lamp
all_data/1108.jpeg,bumper_scratch
all_data/1109.jpeg,tail_lamp
all_data/1110.jpeg,head_lamp
all_data/1111.jpeg,door_scratch
all_data/1112.jpeg,door_dent
all_data/1113.jpeg,head_lamp
all_data/1114.jpeg,door_dent
all_data/1115.jpeg,door_dent
all_data/1116.jpeg,head_lamp
all_data/1117.jpeg,head_lamp
all_data/1118.jpeg,glass_shatter
all_data/1119.jpeg,tail_lamp
all_data/1120.jpeg,glass_shatter
all_data/1121.jpeg,bumper_dent
all_data/1122.jpeg,door_scratch
all_data/1123.jpeg,glass_shatter
all_data/1124.jpeg,bumper_scratch
all_data/1125.jpeg,bumper_scratch
all_data/1126.jpeg,bumper_scratch
all_data/1127.jpeg,tail_lamp
all_data/1128.jpeg,door_dent
all_data/1129.jpeg,door_dent
all_data/1130.jpeg,door_dent
all_data/1131.jpeg,door_scratch
all_data/1132.jpeg,glass_shatter
all_data/1133.jpeg,bumper_scratch
all_data/1134.jpeg,bumper_dent
all_data/1135.jpeg,bumper_dent
all_data/1136.jpeg,tail_lamp
all_data/1137.jpeg,door_scratch
all_data/1138.jpeg,head_lamp
all_data/1139.jpeg,door_dent
all_data/1140.jpeg,door_scratch
all_data/1141.jpeg,head_lamp
all_data/1142.jpeg,tail_lamp
all_data/1143.jpeg,door_dent
all_data/1144.jpeg,head_lamp
all_data/1145.jpeg,door_dent
all_data/1146.jpeg,bumper_dent
all_data/1147.jpeg,tail_lamp
all_data/1148.jpeg,bumper_scratch
all_data/1149.jpeg,door_scratch
all_data/1150.jpeg,door_dent
all_data/1151.jpeg,door_dent
all_data/1152.jpeg,head_lamp
all_data/1153.jpeg,door_scratch
all_data/1154.jpeg,bumper_scratch
all_data/1155.jpeg,door_scratch
all_data/1156.jpeg,bumper_dent
all_data/1157.jpeg,door_scratch
all_data/1158.jpeg,glass_shatter
all_data/1159.jpeg,head_lamp
all_data/1160.jpeg,head_lamp
all_data/1161.jpeg,door_dent
all_data/1162.jpeg,door_dent
all_data/1163.jpeg,bumper_dent
all_data/1164.jpeg,door_dent
all_data/1165.jpeg,bumper_dent
all_data/1166.jpeg,glass_shatter
all_data/1167.jpeg,head_lamp
all_data/1168.jpeg,bumper_dent
all_data/1169.jpeg,bumper_dent
all_data/1170.jpeg,bumper_dent
all_data/1171.jpeg,head_lamp
all_data/1172.jpeg,glass_shatter
all_data/1173.jpeg,head_lamp
all_data/1174.jpeg,door_scratch
all_data/1175.jpeg,head_lamp
all_data/1176.jpeg,glass_shatter
all_data/1177.jpeg,glass_shatter
all_data/1178.jpeg,head_lamp
all_data/1179.jpeg,glass_shatter
all_data/1180.jpeg,head_lamp
all_data/1181.jpeg,tail_lamp
all_data/1182.jpeg,head_lamp
all_data/1183.jpeg,bumper_dent
all_data/1184.jpeg,door_scratch
all_data/1185.jpeg,bumper_dent
all_data/1186.jpeg,bumper_scratch
all_data/1187.jpeg,door_dent
all_data/1188.jpeg,bumper_dent
all_data/1189.jpeg,head_lamp
all_data/1190.jpeg,glass_shatter
all_data/1191.jpeg,door_dent
all_data/1192.jpeg,tail_lamp
all_data/1193.jpeg,door_scratch
all_data/1194.jpeg,bumper_scratch
all_data/1195.jpeg,glass_shatter
all_data/1196.jpeg,bumper_dent
all_data/1197.jpeg,bumper_scratch
all_data/1198.jpeg,door_dent
all_data/1199.jpeg,door_dent
all_data/1200.jpeg,door_dent
all_data/1201.jpeg,bumper_dent
all_data/1202.jpeg,door_dent
all_data/1203.jpeg,door_dent
all_data/1204.jpeg,tail_lamp
all_data/1205.jpeg,tail_lamp
all_data/1206.jpeg,glass_shatter
all_data/1207.jpeg,door_scratch
all_data/1208.jpeg,glass_shatter
all_data/1209.jpeg,door_scratch
all_data/1210.jpeg,glass_shatter
all_data/1211.jpeg,head_lamp
all_data/1212.jpeg,glass_shatter
all_data/1213.jpeg,bumper_scratch
all_data/1214.jpeg,door_scratch
all_data/1215.jpeg,tail_lamp
all_data/1216.jpeg,bumper_scratch
all_data/1217.jpeg,door_scratch
all_data/1218.jpeg,bumper_dent
all_data/1219.jpeg,head_lamp
all_data/1220.jpeg,door_dent
all_data/1221.jpeg,door_dent
all_data/1222.jpeg,bumper_dent
all_data/1223.jpeg,door_dent
all_data/1224.jpeg,tail_lamp
all_data/1225.jpeg,glass_shatter
all_data/1226.jpeg,head_lamp
all_data/1227.jpeg,door_dent
all_data/1228.jpeg,head_lamp
all_data/1229.jpeg,door_dent
all_data/1230.jpeg,head_lamp
all_data/1231.jpeg,head_lamp
all_data/1232.jpeg,door_dent
all_data/1233.jpeg,door_dent
all_data/1234.jpeg,door_scratch
all_data/1235.jpeg,tail_lamp
all_data/1236.jpeg,glass_shatter
all_data/1237.jpeg,door_dent
all_data/1238.jpeg,door_dent
all_data/1239.jpeg,tail_lamp
all_data/1240.jpeg,tail_lamp
all_data/1241.jpeg,tail_lamp
all_data/1242.jpeg,door_dent
all_data/1243.jpeg,bumper_scratch
all_data/1244.jpeg,head_lamp
all_data/1245.jpeg,door_dent
all_data/1246.jpeg,tail_lamp
all_data/1247.jpeg,glass_shatter
all_data/1248.jpeg,glass_shatter
all_data/1249.jpeg,glass_shatter
all_data/1250.jpeg,door_scratch
all_data/1251.jpeg,head_lamp
all_data/1252.jpeg,head_lamp
all_data/1253.jpeg,glass_shatter
all_data/1254.jpeg,door_dent
all_data/1255.jpeg,door_dent
all_data/1256.jpeg,head_lamp
all_data/1257.jpeg,door_dent
all_data/1258.jpeg,glass_shatter
all_data/1259.jpeg,bumper_dent
all_data/1260.jpeg,head_lamp
all_data/1261.jpeg,bumper_scratch
all_data/1262.jpeg,door_scratch
all_data/1263.jpeg,bumper_dent
all_data/1264.jpeg,head_lamp
all_data/1265.jpeg,glass_shatter
all_data/1266.jpeg,bumper_scratch
all_data/1267.jpeg,door_scratch
all_data/1268.jpeg,door_scratch
all_data/1269.jpeg,tail_lamp
all_data/1270.jpeg,bumper_dent
all_data/1271.jpeg,glass_shatter
all_data/1272.jpeg,tail_lamp
all_data/1273.jpeg,tail_lamp
all_data/1274.jpeg,tail_lamp
all_data/1275.jpeg,glass_shatter
all_data/1276.jpeg,glass_shatter
all_data/1277.jpeg,door_scratch
all_data/1278.jpeg,glass_shatter
all_data/1279.jpeg,door_scratch
all_data/1280.jpeg,door_dent
all_data/1281.jpeg,head_lamp
all_data/1282.jpeg,door_scratch
all_data/1283.jpeg,bumper_dent
all_data/1284.jpeg,bumper_dent
all_data/1285.jpeg,door_dent
all_data/1286.jpeg,bumper_scratch
all_data/1287.jpeg,head_lamp
all_data/1288.jpeg,tail_lamp
all_data/1289.jpeg,bumper_dent
all_data/1290.jpeg,head_lamp
all_data/1291.jpeg,tail_lamp
all_data/1292.jpeg,door_dent
all_data/1293.jpeg,door_dent
all_data/1294.jpeg,head_lamp
all_data/1295.jpeg,door_scratch
all_data/1296.jpeg,glass_shatter
all_data/1297.jpeg,door_dent
all_data/1298.jpeg,door_scratch
all_data/1299.jpeg,glass_shatter
all_data/1300.jpeg,bumper_dent
all_data/1301.jpeg,glass_shatter
all_data/1302.jpeg,tail_lamp
all_data/1303.jpeg,door_scratch
all_data/1304.jpeg,glass_shatter
all_data/1305.jpeg,head_lamp
all_data/1306.jpeg,door_scratch
all_data/1307.jpeg,bumper_scratch
all_data/1308.jpeg,door_dent
all_data/1309.jpeg,bumper_scratch
all_data/1310.jpeg,bumper_dent
all_data/1311.jpeg,glass_shatter
all_data/1312.jpeg,bumper_dent
all_data/1313.jpeg,head_lamp
all_data/1314.jpeg,head_lamp
all_data/1315.jpeg,bumper_dent
all_data/1316.jpeg,bumper_dent
all_data/1317.jpeg,tail_lamp
all_data/1318.jpeg,door_dent
all_data/1319.jpeg,bumper_scratch
all_data/1320.jpeg,head_lamp
all_data/1321.jpeg,head_lamp
all_data/1322.jpeg,door_scratch
all_data/1323.jpeg,door_scratch
all_data/1324.jpeg,door_dent
all_data/1325.jpeg,door_scratch
all_data/1326.jpeg,glass_shatter
all_data/1327.jpeg,bumper_dent
all_data/1328.jpeg,door_dent
all_data/1329.jpeg,head_lamp
all_data/1330.jpeg,bumper_scratch
all_data/1331.jpeg,door_scratch
all_data/1332.jpeg,door_dent
all_data/1333.jpeg,door_scratch
all_data/1334.jpeg,tail_lamp
all_data/1335.jpeg,tail_lamp
all_data/1336.jpeg,bumper_scratch
all_data/1337.jpeg,glass_shatter
all_data/1338.jpeg,tail_lamp
all_data/1339.jpeg,head_lamp
all_data/1340.jpeg,door_scratch
all_data/1341.jpeg,glass_shatter
all_data/1342.jpeg,bumper_scratch
all_data/1343.jpeg,bumper_dent
all_data/1344.jpeg,door_scratch
all_data/1345.jpeg,bumper_scratch
all_data/1346.jpeg,head_lamp
all_data/1347.jpeg,door_scratch
all_data/1348.jpeg,glass_shatter
all_data/1349.jpeg,door_scratch
all_data/1350.jpeg,door_scratch
all_data/1351.jpeg,bumper_dent
all_data/1352.jpeg,door_dent
all_data/1353.jpeg,tail_lamp
all_data/1354.jpeg,tail_lamp
all_data/1355.jpeg,tail_lamp
all_data/1356.jpeg,bumper_scratch
all_data/1357.jpeg,door_dent
all_data/1358.jpeg,head_lamp
all_data/1359.jpeg,tail_lamp
all_data/1360.jpeg,glass_shatter
all_data/1361.jpeg,bumper_dent
all_data/1362.jpeg,head_lamp
all_data/1363.jpeg,door_dent
all_data/1364.jpeg,door_dent
all_data/1365.jpeg,door_scratch
all_data/1366.jpeg,glass_shatter
all_data/1367.jpeg,bumper_dent
all_data/1368.jpeg,bumper_dent
all_data/1369.jpeg,head_lamp
all_data/1370.jpeg,head_lamp
all_data/1371.jpeg,head_lamp
all_data/1372.jpeg,door_scratch
all_data/1373.jpeg,door_dent
all_data/1374.jpeg,glass_shatter
all_data/1375.jpeg,bumper_dent
all_data/1376.jpeg,head_lamp
all_data/1377.jpeg,head_lamp
all_data/1378.jpeg,glass_shatter
all_data/1379.jpeg,head_lamp
all_data/1380.jpeg,door_scratch
all_data/1381.jpeg,glass_shatter
all_data/1382.jpeg,tail_lamp
all_data/1383.jpeg,tail_lamp
all_data/1384.jpeg,bumper_dent
all_data/1385.jpeg,tail_lamp
all_data/1386.jpeg,tail_lamp
all_data/1387.jpeg,head_lamp
all_data/1388.jpeg,head_lamp
all_data/1389.jpeg,door_dent
all_data/1390.jpeg,head_lamp
all_data/1391.jpeg,bumper_dent
all_data/1392.jpeg,door_dent
all_data/1393.jpeg,bumper_dent
all_data/1394.jpeg,head_lamp
all_data/1395.jpeg,tail_lamp
all_data/1396.jpeg,door_scratch
all_data/1397.jpeg,head_lamp
all_data/1398.jpeg,glass_shatter
all_data/1399.jpeg,bumper_scratch
all_data/1400.jpeg,tail_lamp
all_data/1401.jpeg,tail_lamp
all_data/1402.jpeg,door_dent
all_data/1403.jpeg,door_dent
all_data/1404.jpeg,door_dent
all_data/1405.jpeg,tail_lamp
all_data/1406.jpeg,glass_shatter
all_data/1407.jpeg,door_scratch
all_data/1408.jpeg,tail_lamp
all_data/1409.jpeg,bumper_scratch
all_data/1410.jpeg,door_scratch
all_data/1411.jpeg,bumper_dent
all_data/1412.jpeg,door_dent
all_data/1413.jpeg,head_lamp
all_data/1414.jpeg,door_scratch
all_data/1415.jpeg,bumper_scratch
all_data/1416.jpeg,door_dent
all_data/1417.jpeg,door_dent
all_data/1418.jpeg,door_scratch
all_data/1419.jpeg,door_dent
all_data/1420.jpeg,door_dent
all_data/1421.jpeg,door_dent
all_data/1422.jpeg,bumper_scratch
all_data/1423.jpeg,glass_shatter
all_data/1424.jpeg,bumper_scratch
all_data/1425.jpeg,tail_lamp
all_data/1426.jpeg,glass_shatter
all_data/1427.jpeg,door_dent
all_data/1428.jpeg,bumper_scratch
all_data/1429.jpeg,bumper_dent
all_data/1430.jpeg,door_dent
all_data/1431.jpeg,bumper_dent
all_data/1432.jpeg,glass_shatter
all_data/1433.jpeg,head_lamp
all_data/1434.jpeg,head_lamp
all_data/1435.jpeg,tail_lamp
all_data/1436.jpeg,door_scratch
all_data/1437.jpeg,bumper_scratch
all_data/1438.jpeg,head_lamp
all_data/1439.jpeg,head_lamp
all_data/1440.jpeg,glass_shatter
all_data/1441.jpeg,bumper_scratch
all_data/1442.jpeg,door_dent
all_data/1443.jpeg,bumper_scratch
all_data/1444.jpeg,bumper_scratch
all_data/1445.jpeg,door_dent
all_data/1446.jpeg,head_lamp
all_data/1447.jpeg,door_dent
all_data/1448.jpeg,glass_shatter
all_data/1449.jpeg,tail_lamp
all_data/1450.jpeg,door_dent
all_data/1451.jpeg,door_dent
all_data/1452.jpeg,door_scratch
all_data/1453.jpeg,head_lamp
all_data/1454.jpeg,door_dent
all_data/1455.jpeg,head_lamp
all_data/1456.jpeg,tail_lamp
all_data/1457.jpeg,bumper_dent
all_data/1458.jpeg,door_dent
all_data/1459.jpeg,tail_lamp
all_data/1460.jpeg,door_scratch
all_data/1461.jpeg,glass_shatter
all_data/1462.jpeg,door_dent
all_data/1463.jpeg,door_dent
all_data/1464.jpeg,bumper_scratch
all_data/1465.jpeg,bumper_dent
all_data/1466.jpeg,bumper_dent
all_data/1467.jpeg,bumper_scratch
all_data/1468.jpeg,tail_lamp
all_data/1469.jpeg,bumper_scratch
all_data/1470.jpeg,door_dent
all_data/1471.jpeg,glass_shatter
all_data/1472.jpeg,head_lamp
all_data/1473.jpeg,glass_shatter
all_data/1474.jpeg,door_dent
all_data/1475.jpeg,door_scratch
all_data/1476.jpeg,door_scratch
all_data/1477.jpeg,glass_shatter
all_data/1478.jpeg,door_dent
all_data/1479.jpeg,head_lamp
all_data/1480.jpeg,glass_shatter
all_data/1481.jpeg,tail_lamp
all_data/1482.jpeg,bumper_dent
all_data/1483.jpeg,tail_lamp
all_data/1484.jpeg,glass_shatter
all_data/1485.jpeg,glass_shatter
all_data/1486.jpeg,door_dent
all_data/1487.jpeg,door_dent
all_data/1488.jpeg,head_lamp
all_data/1489.jpeg,door_dent
all_data/1490.jpeg,door_dent
all_data/1491.jpeg,door_scratch
all_data/1492.jpeg,door_scratch
all_data/1493.jpeg,head_lamp
all_data/1494.jpeg,tail_lamp
all_data/1495.jpeg,glass_shatter
all_data/1496.jpeg,door_dent
all_data/1497.jpeg,door_scratch
all_data/1498.jpeg,head_lamp
all_data/1499.jpeg,head_lamp
all_data/1500.jpeg,head_lamp
all_data/1501.jpeg,bumper_scratch
all_data/1502.jpeg,glass_shatter
all_data/1503.jpeg,door_scratch
all_data/1504.jpeg,door_scratch
all_data/1505.jpeg,tail_lamp
all_data/1506.jpeg,door_scratch
all_data/1507.jpeg,bumper_dent
all_data/1508.jpeg,bumper_scratch
all_data/1509.jpeg,tail_lamp
all_data/1510.jpeg,door_scratch
all_data/1511.jpeg,door_dent
all_data/1512.jpeg,bumper_dent
all_data/1513.jpeg,door_scratch
all_data/1514.jpeg,bumper_dent
all_data/1515.jpeg,tail_lamp
all_data/1516.jpeg,head_lamp
all_data/1517.jpeg,bumper_dent
all_data/1518.jpeg,door_dent
all_data/1519.jpeg,door_scratch
all_data/1520.jpeg,glass_shatter
all_data/1521.jpeg,tail_lamp
all_data/1522.jpeg,tail_lamp
all_data/1523.jpeg,head_lamp
all_data/1524.jpeg,door_dent
all_data/1525.jpeg,door_dent
all_data/1526.jpeg,tail_lamp
all_data/1527.jpeg,door_dent
all_data/1528.jpeg,head_lamp
all_data/1529.jpeg,tail_lamp
all_data/1530.jpeg,tail_lamp
all_data/1531.jpeg,tail_lamp
all_data/1532.jpeg,head_lamp
all_data/1533.jpeg,bumper_scratch
all_data/1534.jpeg,door_dent
all_data/1535.jpeg,glass_shatter
all_data/1536.jpeg,bumper_dent
all_data/1537.jpeg,bumper_dent
all_data/1538.jpeg,bumper_dent
all_data/1539.jpeg,bumper_scratch
all_data/1540.jpeg,glass_shatter
all_data/1541.jpeg,door_scratch
all_data/1542.jpeg,door_dent
all_data/1543.jpeg,door_scratch
all_data/1544.jpeg,door_scratch
all_data/1545.jpeg,door_dent
all_data/1546.jpeg,bumper_scratch
all_data/1547.jpeg,door_dent
all_data/1548.jpeg,door_scratch
all_data/1549.jpeg,door_scratch
all_data/1550.jpeg,door_dent
all_data/1551.jpeg,door_scratch
all_data/1552.jpeg,bumper_dent
all_data/1553.jpeg,bumper_dent
all_data/1554.jpeg,door_dent
all_data/1555.jpeg,door_dent
all_data/1556.jpeg,door_scratch
all_data/1557.jpeg,bumper_scratch
all_data/1558.jpeg,bumper_scratch
all_data/1559.jpeg,bumper_scratch
all_data/1560.jpeg,tail_lamp
all_data/1561.jpeg,bumper_dent
all_data/1562.jpeg,door_dent
all_data/1563.jpeg,bumper_dent
all_data/1564.jpeg,tail_lamp
all_data/1565.jpeg,bumper_scratch
all_data/1566.jpeg,tail_lamp
all_data/1567.jpeg,door_dent
all_data/1568.jpeg,bumper_dent
all_data/1569.jpeg,door_dent
all_data/1570.jpeg,tail_lamp
all_data/1571.jpeg,tail_lamp
all_data/1572.jpeg,head_lamp
all_data/1573.jpeg,bumper_dent
all_data/1574.jpeg,door_dent
all_data/1575.jpeg,head_lamp
all_data/1576.jpeg,glass_shatter
all_data/1577.jpeg,bumper_dent
all_data/1578.jpeg,head_lamp
all_data/1579.jpeg,glass_shatter
all_data/1580.jpeg,bumper_dent
all_data/1581.jpeg,tail_lamp
all_data/1582.jpeg,door_dent
all_data/1583.jpeg,door_scratch
all_data/1584.jpeg,door_scratch
all_data/1585.jpeg,bumper_dent
all_data/1586.jpeg,tail_lamp
all_data/1587.jpeg,door_dent
all_data/1588.jpeg,bumper_dent
all_data/1589.jpeg,glass_shatter
all_data/1590.jpeg,bumper_scratch
all_data/1591.jpeg,head_lamp
all_data/1592.jpeg,glass_shatter
all_data/1593.jpeg,door_scratch
all_data/1594.jpeg,door_scratch
all_data/1595.jpeg,door_dent
all_data/1596.jpeg,door_dent
all_data/1597.jpeg,bumper_dent
all_data/1598.jpeg,tail_lamp
all_data/1599.jpeg,tail_lamp
all_data/1600.jpeg,bumper_dent
all_data/1601.jpeg,door_scratch
all_data/1602.jpeg,head_lamp
all_data/1603.jpeg,door_scratch
all_data/1604.jpeg,door_scratch
all_data/1605.jpeg,bumper_scratch
all_data/1606.jpeg,glass_shatter
all_data/1607.jpeg,tail_lamp
all_data/1608.jpeg,glass_shatter
all_data/1609.jpeg,door_dent
all_data/1610.jpeg,tail_lamp
all_data/1611.jpeg,glass_shatter
all_data/1612.jpeg,door_scratch
all_data/1613.jpeg,tail_lamp
all_data/1614.jpeg,door_scratch
all_data/1615.jpeg,door_dent
all_data/1616.jpeg,head_lamp
all_data/1617.jpeg,glass_shatter
all_data/1618.jpeg,door_scratch
all_data/1619.jpeg,door_dent
all_data/1620.jpeg,glass_shatter
all_data/1621.jpeg,bumper_dent
all_data/1622.jpeg,door_dent
all_data/1623.jpeg,bumper_dent
all_data/1624.jpeg,tail_lamp
all_data/1625.jpeg,bumper_scratch
all_data/1626.jpeg,bumper_dent
all_data/1627.jpeg,door_scratch
all_data/1628.jpeg,glass_shatter
all_data/1629.jpeg,head_lamp
all_data/1630.jpeg,glass_shatter
all_data/1631.jpeg,bumper_dent
all_data/1632.jpeg,bumper_dent
all_data/1633.jpeg,glass_shatter
all_data/1634.jpeg,door_scratch
all_data/1635.jpeg,tail_lamp
all_data/1636.jpeg,tail_lamp
all_data/1637.jpeg,door_dent
all_data/1638.jpeg,tail_lamp
all_data/1639.jpeg,tail_lamp
all_data/1640.jpeg,door_dent
all_data/1641.jpeg,door_dent
all_data/1642.jpeg,glass_shatter
all_data/1643.jpeg,bumper_dent
all_data/1644.jpeg,tail_lamp
all_data/1645.jpeg,door_scratch
all_data/1646.jpeg,glass_shatter
all_data/1647.jpeg,door_dent
all_data/1648.jpeg,tail_lamp
all_data/1649.jpeg,glass_shatter
all_data/1650.jpeg,door_dent
all_data/1651.jpeg,door_scratch
all_data/1652.jpeg,head_lamp
all_data/1653.jpeg,head_lamp
all_data/1654.jpeg,door_scratch
all_data/1655.jpeg,glass_shatter
all_data/1656.jpeg,tail_lamp
all_data/1657.jpeg,door_scratch
all_data/1658.jpeg,glass_shatter
all_data/1659.jpeg,door_scratch
all_data/1660.jpeg,bumper_dent
all_data/1661.jpeg,door_dent
all_data/1662.jpeg,head_lamp
all_data/1663.jpeg,bumper_dent
all_data/1664.jpeg,tail_lamp
all_data/1665.jpeg,door_scratch
all_data/1666.jpeg,glass_shatter
all_data/1667.jpeg,tail_lamp
all_data/1668.jpeg,bumper_scratch
all_data/1669.jpeg,bumper_dent
all_data/1670.jpeg,tail_lamp
all_data/1671.jpeg,door_scratch
all_data/1672.jpeg,door_dent
all_data/1673.jpeg,door_scratch
all_data/1674.jpeg,head_lamp
all_data/1675.jpeg,door_scratch
all_data/1676.jpeg,head_lamp
all_data/1677.jpeg,door_scratch
all_data/1678.jpeg,bumper_dent
all_data/1679.jpeg,door_scratch
all_data/1680.jpeg,tail_lamp
all_data/1681.jpeg,bumper_scratch
all_data/1682.jpeg,door_scratch
all_data/1683.jpeg,door_dent
all_data/1684.jpeg,door_dent
all_data/1685.jpeg,head_lamp
all_data/1686.jpeg,bumper_dent
all_data/1687.jpeg,glass_shatter
all_data/1688.jpeg,door_scratch
all_data/1689.jpeg,bumper_dent
all_data/1690.jpeg,bumper_dent
all_data/1691.jpeg,glass_shatter
all_data/1692.jpeg,door_dent
all_data/1693.jpeg,tail_lamp
all_data/1694.jpeg,head_lamp
all_data/1695.jpeg,head_lamp
all_data/1696.jpeg,door_scratch
all_data/1697.jpeg,bumper_scratch
all_data/1698.jpeg,bumper_dent
all_data/1699.jpeg,door_dent
all_data/1700.jpeg,bumper_dent
all_data/1701.jpeg,tail_lamp
all_data/1702.jpeg,door_scratch
all_data/1703.jpeg,tail_lamp
all_data/1704.jpeg,tail_lamp
all_data/1705.jpeg,bumper_dent
all_data/1706.jpeg,door_dent
all_data/1707.jpeg,glass_shatter
all_data/1708.jpeg,tail_lamp
all_data/1709.jpeg,door_dent
all_data/1710.jpeg,door_dent
all_data/1711.jpeg,bumper_dent
all_data/1712.jpeg,door_scratch
all_data/1713.jpeg,glass_shatter
all_data/1714.jpeg,door_dent
all_data/1715.jpeg,door_dent
all_data/1716.jpeg,door_dent
all_data/1717.jpeg,door_dent
all_data/1718.jpeg,head_lamp
all_data/1719.jpeg,door_scratch
all_data/1720.jpeg,tail_lamp
all_data/1721.jpeg,glass_shatter
all_data/1722.jpeg,door_dent
all_data/1723.jpeg,glass_shatter
all_data/1724.jpeg,door_scratch
all_data/1725.jpeg,bumper_scratch
all_data/1726.jpeg,tail_lamp
all_data/1727.jpeg,bumper_dent
all_data/1728.jpeg,bumper_scratch
all_data/1729.jpeg,door_scratch
all_data/1730.jpeg,tail_lamp
all_data/1731.jpeg,door_dent
all_data/1732.jpeg,door_scratch
all_data/1733.jpeg,glass_shatter
all_data/1734.jpeg,door_scratch
all_data/1735.jpeg,door_dent
all_data/1736.jpeg,bumper_scratch
all_data/1737.jpeg,head_lamp
all_data/1738.jpeg,tail_lamp
all_data/1739.jpeg,door_dent
all_data/1740.jpeg,tail_lamp
all_data/1741.jpeg,head_lamp
all_data/1742.jpeg,bumper_dent
all_data/1743.jpeg,head_lamp
all_data/1744.jpeg,head_lamp
all_data/1745.jpeg,tail_lamp
all_data/1746.jpeg,tail_lamp
all_data/1747.jpeg,head_lamp
all_data/1748.jpeg,tail_lamp
all_data/1749.jpeg,bumper_dent
all_data/1750.jpeg,door_dent
all_data/1751.jpeg,head_lamp
all_data/1752.jpeg,tail_lamp
all_data/1753.jpeg,door_dent
all_data/1754.jpeg,bumper_scratch
all_data/1755.jpeg,door_dent
all_data/1756.jpeg,door_scratch
all_data/1757.jpeg,tail_lamp
all_data/1758.jpeg,door_dent
all_data/1759.jpeg,door_scratch
all_data/1760.jpeg,glass_shatter
all_data/1761.jpeg,head_lamp
all_data/1762.jpeg,door_dent
all_data/1763.jpeg,head_lamp
all_data/1764.jpeg,tail_lamp
all_data/1765.jpeg,door_scratch
all_data/1766.jpeg,glass_shatter
all_data/1767.jpeg,bumper_dent
all_data/1768.jpeg,glass_shatter
all_data/1769.jpeg,door_scratch
all_data/1770.jpeg,head_lamp
all_data/1771.jpeg,tail_lamp
all_data/1772.jpeg,bumper_scratch
all_data/1773.jpeg,bumper_dent
all_data/1774.jpeg,bumper_scratch
all_data/1775.jpeg,glass_shatter
all_data/1776.jpeg,bumper_dent
all_data/1777.jpeg,door_dent
all_data/1778.jpeg,head_lamp
all_data/1779.jpeg,tail_lamp
all_data/1780.jpeg,bumper_dent
all_data/1781.jpeg,bumper_dent
all_data/1782.jpeg,door_scratch
all_data/1783.jpeg,bumper_dent
all_data/1784.jpeg,glass_shatter
all_data/1785.jpeg,door_dent
all_data/1786.jpeg,door_scratch
all_data/1787.jpeg,glass_shatter
all_data/1788.jpeg,bumper_dent
all_data/1789.jpeg,tail_lamp
all_data/1790.jpeg,door_scratch
all_data/1791.jpeg,bumper_scratch
all_data/1792.jpeg,glass_shatter
all_data/1793.jpeg,bumper_scratch
all_data/1794.jpeg,bumper_dent
all_data/1795.jpeg,door_scratch
all_data/1796.jpeg,door_dent
all_data/1797.jpeg,glass_shatter
all_data/1798.jpeg,head_lamp
all_data/1799.jpeg,door_dent
all_data/1800.jpeg,head_lamp
all_data/1801.jpeg,door_scratch
all_data/1802.jpeg,door_dent
all_data/1803.jpeg,glass_shatter
all_data/1804.jpeg,door_dent
all_data/1805.jpeg,door_dent
all_data/1806.jpeg,bumper_scratch
all_data/1807.jpeg,bumper_dent
all_data/1808.jpeg,bumper_dent
all_data/1809.jpeg,bumper_dent
all_data/1810.jpeg,door_dent
all_data/1811.jpeg,glass_shatter
all_data/1812.jpeg,bumper_dent
all_data/1813.jpeg,bumper_dent
all_data/1814.jpeg,bumper_scratch
all_data/1815.jpeg,door_scratch
all_data/1816.jpeg,head_lamp
all_data/1817.jpeg,glass_shatter
all_data/1818.jpeg,bumper_dent
all_data/1819.jpeg,head_lamp
all_data/1820.jpeg,bumper_dent
all_data/1821.jpeg,door_scratch
all_data/1822.jpeg,tail_lamp
all_data/1823.jpeg,door_dent
all_data/1824.jpeg,glass_shatter
all_data/1825.jpeg,door_scratch
all_data/1826.jpeg,door_dent
all_data/1827.jpeg,bumper_dent
all_data/1828.jpeg,glass_shatter
all_data/1829.jpeg,bumper_scratch
all_data/1830.jpeg,door_dent
all_data/1831.jpeg,door_scratch
all_data/1832.jpeg,glass_shatter
all_data/1833.jpeg,door_dent
all_data/1834.jpeg,bumper_scratch
all_data/1835.jpeg,tail_lamp
all_data/1836.jpeg,door_scratch
all_data/1837.jpeg,door_dent
all_data/1838.jpeg,glass_shatter
all_data/1839.jpeg,tail_lamp
all_data/1840.jpeg,head_lamp
all_data/1841.jpeg,door_dent
all_data/1842.jpeg,door_scratch
all_data/1843.jpeg,bumper_dent
all_data/1844.jpeg,bumper_dent
all_data/1845.jpeg,bumper_dent
all_data/1846.jpeg,door_dent
all_data/1847.jpeg,door_dent
all_data/1848.jpeg,bumper_dent
all_data/1849.jpeg,tail_lamp
all_data/1850.jpeg,tail_lamp
all_data/1851.jpeg,door_dent
all_data/1852.jpeg,tail_lamp
all_data/1853.jpeg,bumper_scratch
all_data/1854.jpeg,door_scratch
all_data/1855.jpeg,door_dent
all_data/1856.jpeg,door_dent
all_data/1857.jpeg,bumper_scratch
all_data/1858.jpeg,door_scratch
all_data/1859.jpeg,door_dent
all_data/1860.jpeg,glass_shatter
all_data/1861.jpeg,head_lamp
all_data/1862.jpeg,tail_lamp
all_data/1863.jpeg,tail_lamp
all_data/1864.jpeg,head_lamp
all_data/1865.jpeg,glass_shatter
all_data/1866.jpeg,door_scratch
all_data/1867.jpeg,door_scratch
all_data/1868.jpeg,glass_shatter
all_data/1869.jpeg,head_lamp
all_data/1870.jpeg,door_dent
all_data/1871.jpeg,door_scratch
all_data/1872.jpeg,glass_shatter
all_data/1873.jpeg,door_dent
all_data/1874.jpeg,door_scratch
all_data/1875.jpeg,door_dent
all_data/1876.jpeg,head_lamp
all_data/1877.jpeg,head_lamp
all_data/1878.jpeg,head_lamp
all_data/1879.jpeg,head_lamp
all_data/1880.jpeg,head_lamp
all_data/1881.jpeg,head_lamp
all_data/1882.jpeg,glass_shatter
all_data/1883.jpeg,bumper_dent
all_data/1884.jpeg,tail_lamp
all_data/1885.jpeg,bumper_dent
all_data/1886.jpeg,door_scratch
all_data/1887.jpeg,tail_lamp
all_data/1888.jpeg,door_dent
all_data/1889.jpeg,door_dent
all_data/1890.jpeg,glass_shatter
all_data/1891.jpeg,head_lamp
all_data/1892.jpeg,door_scratch
all_data/1893.jpeg,bumper_scratch
all_data/1894.jpeg,head_lamp
all_data/1895.jpeg,door_scratch
all_data/1896.jpeg,bumper_scratch
all_data/1897.jpeg,door_dent
all_data/1898.jpeg,tail_lamp
all_data/1899.jpeg,tail_lamp
all_data/1900.jpeg,tail_lamp
all_data/1901.jpeg,door_scratch
all_data/1902.jpeg,glass_shatter
all_data/1903.jpeg,glass_shatter
